Date,Abap,Ada,C/C++,C#,Cobol,Dart,Delphi/Pascal,Go,Groovy,Haskell,Java,JavaScript,Julia,Kotlin,Lua,Matlab,Objective-C,Perl,PHP,Powershell,Python,R,Ruby,Rust,Scala,Swift,TypeScript,VBA,Visual Basic
2004-07-01,0.3399999999999999,0.36,10.01,4.68,0.42,0.0,2.8000000000000003,0.0,0.03,0.22,30.16,8.59,0.0,0.24,0.16,2.1,0.19,7.33,18.62,0.16,2.51,0.3899999999999999,0.33,0.24,0.1699999999999999,0.0,0.0,1.43,8.5
2004-08-01,0.35,0.36,9.74,4.96,0.4599999999999999,0.0,2.65,0.0,0.055,0.2,29.8,8.72,0.0,0.22,0.15,2.03,0.18,7.07,19.14,0.15,2.62,0.3999999999999999,0.4,0.19,0.1699999999999999,0.0,0.0,1.4500000000000002,8.51
2004-09-01,0.41,0.41,9.59,5.04,0.51,0.0,2.64,0.0,0.08,0.21,29.59,8.67,0.0,0.15,0.19,2.1,0.19,7.000000000000001,19.42,0.08,2.71,0.41,0.41,0.1699999999999999,0.13,0.0,0.0,1.54,8.38
2004-10-01,0.4,0.38,9.47,5.29,0.53,0.0,2.76,0.0,0.07499999999999996,0.2,29.020000000000003,8.44,0.0,0.11,0.20999999999999996,2.23,0.2,7.15,19.28,0.12,2.91,0.42,0.4599999999999999,0.12,0.1399999999999999,0.0,0.0,1.61,8.459999999999999
2004-11-01,0.38,0.38,9.48,5.220000000000001,0.5499999999999999,0.0,2.75,0.0,0.0699999999999999,0.24,29.48,8.48,0.0,0.08,0.2299999999999999,2.2,0.20500000000000002,7.03,19.36,0.12,2.83,0.41,0.44,0.1699999999999999,0.15,0.0,0.0,1.5,8.21
2004-12-01,0.36,0.37,9.53,5.220000000000001,0.53,0.0,2.76,0.0,0.09,0.22,29.69,8.53,0.0,0.08,0.21,2.14,0.21,7.04,19.68,0.04,2.7,0.3899999999999999,0.42,0.15999999999999995,0.12,0.0,0.0,1.4500000000000002,8.06
2005-01-01,0.3899999999999999,0.38,9.69,5.210000000000001,0.5599999999999999,0.0,2.65,0.0,0.11,0.21,29.64,8.32,0.0,0.04,0.24,2.21,0.19,6.99,19.79,0.04,2.91,0.3899999999999999,0.47,0.15,0.09,0.0,0.0,1.5,7.779999999999999
2005-02-01,0.37,0.3899999999999999,9.86,5.2,0.49,0.0,2.66,0.0,0.0699999999999999,0.21,30.24,8.110000000000001,0.0,0.04,0.23499999999999993,2.31,0.18,6.909999999999999,19.59,0.05,2.87,0.38,0.4499999999999999,0.16,0.09,0.0,0.01,1.47,7.649999999999999
2005-03-01,0.3399999999999999,0.37499999999999994,9.87,5.37,0.4499999999999999,0.0,2.65,0.0,0.08,0.2299999999999999,30.15,8.260000000000002,0.0,0.03,0.2299999999999999,2.35,0.15,6.859999999999999,19.51,0.05,2.8000000000000003,0.42,0.4599999999999999,0.13,0.11,0.0,0.01,1.44,7.66
2005-04-01,0.3399999999999999,0.36,9.785,5.41,0.41,0.0,2.55,0.0,0.08,0.22,30.5,8.38,0.0,0.02,0.22,2.21,0.13,6.72,19.9,0.01,2.77,0.4,0.43,0.1399999999999999,0.1,0.0,0.01,1.35,7.51
2005-05-01,0.35,0.37,9.7,5.609999999999999,0.4,0.0,2.49,0.0,0.09,0.2299999999999999,30.19,8.24,0.0,0.0,0.2299999999999999,2.23,0.13,6.74,19.84,0.05,2.87,0.41,0.47,0.11,0.09,0.0,0.05,1.46,7.649999999999999
2005-06-01,0.35,0.36,9.44,5.76,0.4,0.0,2.43,0.0,0.08,0.2299999999999999,30.34,8.33,0.0,0.0,0.24,2.28,0.12,6.550000000000001,19.75,0.08,2.94,0.41,0.5499999999999999,0.09,0.09,0.0,0.06,1.55,7.57
2005-07-01,0.33,0.3399999999999999,9.28,6.16,0.3899999999999999,0.0,2.5,0.0,0.08,0.24,30.29,8.4,0.0,0.0,0.21,2.27,0.13,6.460000000000001,19.45,0.08,2.97,0.44,0.62,0.11,0.1,0.0,0.08,1.58,7.51
2005-08-01,0.32,0.3,9.14,6.140000000000001,0.39499999999999996,0.0,2.35,0.0,0.09,0.24,30.21,8.61,0.0,0.0,0.21,2.12,0.13,6.510000000000001,19.62,0.09,3.12,0.44,0.66,0.12,0.09,0.0,0.09,1.61,7.41
2005-09-01,0.36,0.29,8.92,6.17,0.4,0.0,2.32,0.0,0.08,0.22,30.15,8.35,0.0,0.0,0.26,2.0500000000000003,0.13,6.58,19.82,0.09,3.27,0.4499999999999999,0.79,0.1699999999999999,0.05,0.0,0.11,1.6,7.26
2005-10-01,0.37,0.31,8.700000000000001,6.18,0.4499999999999999,0.0,2.43,0.0,0.08,0.24,30.1,8.15,0.0,0.0,0.2799999999999999,2.18,0.1399999999999999,6.59,19.61,0.09,3.46,0.49,0.9400000000000001,0.16,0.05,0.0,0.11,1.69,7.199999999999999
2005-11-01,0.38,0.2799999999999999,8.48,6.3100000000000005,0.46499999999999997,0.0,2.46,0.0,0.0699999999999999,0.25,30.2,8.219999999999999,0.0,0.0,0.3,2.27,0.13,6.54,19.56,0.06,3.63,0.51,1.09,0.1699999999999999,0.02,0.0,0.0699999999999999,1.64,6.909999999999999
2005-12-01,0.3899999999999999,0.2799999999999999,8.37,6.529999999999999,0.48,0.0,2.44,0.0,0.08,0.27,29.96,8.12,0.0,0.0,0.32,2.35,0.11,6.5600000000000005,19.615000000000002,0.03,3.88,0.53,1.24,0.16,0.06,0.0,0.06,1.66,6.909999999999999
2006-01-01,0.4,0.29,8.51,6.2700000000000005,0.4499999999999999,0.0,2.39,0.0,0.09,0.27,29.72,8.1,0.0,0.0,0.35,2.32,0.12,6.329999999999999,19.67,0.08,3.96,0.51,1.4100000000000001,0.15,0.11,0.0,0.1,1.6,6.88
2006-02-01,0.41,0.32,8.4,6.36,0.51,0.0,2.48,0.0,0.09,0.3,29.88,7.960000000000001,0.0,0.01,0.37,2.41,0.13,6.11,19.49,0.06,3.95,0.5599999999999999,1.58,0.1399999999999999,0.13,0.0,0.08,1.67,6.73
2006-03-01,0.37,0.2799999999999999,8.35,6.47,0.48,0.0,2.39,0.0,0.1,0.3,30.04,8.02,0.0,0.02,0.3399999999999999,2.54,0.11,5.9,19.5,0.06,3.93,0.53,1.68,0.09,0.13,0.0,0.06,1.64,6.65
2006-04-01,0.35,0.25,8.450000000000001,6.65,0.44,0.0,2.17,0.0,0.11,0.29,30.06,8.08,0.0,0.05,0.35,2.46,0.1,5.76,19.91,0.08,3.8,0.52,1.78,0.09,0.16,0.0,0.06,1.53,6.5
2006-05-01,0.3399999999999999,0.24,8.52,6.619999999999999,0.44,0.0,2.06,0.0,0.11,0.2799999999999999,30.130000000000003,8.260000000000002,0.0,0.06,0.35,2.28,0.1,5.52,20.28,0.09,3.7,0.52,1.9,0.0699999999999999,0.15,0.0,0.06,1.51,6.45
2006-06-01,0.3399999999999999,0.2299999999999999,8.63,6.45,0.44,0.0,1.92,0.0,0.11,0.2799999999999999,30.33,8.38,0.0,0.08,0.36,2.23,0.11,5.35,20.57,0.1,3.65,0.52,1.9,0.0699999999999999,0.13,0.0,0.06,1.48,6.29
2006-07-01,0.35,0.22,8.459999999999999,6.64,0.4599999999999999,0.0,1.91,0.0,0.09,0.29,30.255,8.41,0.0,0.08,0.4,2.31,0.13,5.4,20.45,0.1,3.5700000000000003,0.5599999999999999,1.92,0.08,0.12,0.0,0.0,1.48,6.23
2006-08-01,0.35,0.2,8.43,6.78,0.3899999999999999,0.0,1.86,0.0,0.09,0.28,30.18,8.379999999999999,0.0,0.08,0.3899999999999999,2.27,0.11,5.45,20.54,0.11,3.64,0.51,2.07,0.08,0.13,0.0,0.0,1.5,6.19
2006-09-01,0.3399999999999999,0.21,8.32,6.909999999999999,0.41,0.0,1.95,0.0,0.09,0.27,29.994999999999997,8.35,0.0,0.0699999999999999,0.44,2.13,0.13,5.5,20.45,0.13,3.790000000000001,0.53,2.2,0.09,0.16,0.0,0.0,1.58,6.04
2006-10-01,0.3399999999999999,0.25,8.21,6.959999999999999,0.41,0.0,2.02,0.0,0.0699999999999999,0.3,29.81,8.39,0.0,0.04,0.4499999999999999,2.19,0.1399999999999999,5.47,20.19,0.1,3.91,0.54,2.27,0.09,0.15,0.0,0.0,1.69,6.01
2006-11-01,0.36,0.25,8.15,7.000000000000001,0.41,0.0,1.99,0.0,0.09,0.32,29.89,8.450000000000001,0.0,0.04,0.44,2.25,0.1399999999999999,5.4,20.05,0.1,3.95,0.555,2.29,0.09,0.16,0.0,0.0,1.7500000000000002,5.9
2006-12-01,0.4,0.2799999999999999,8.18,7.049999999999999,0.4,0.0,1.96,0.0,0.0699999999999999,0.3399999999999999,29.99,8.35,0.0,0.01,0.47,2.29,0.1399999999999999,5.390000000000001,19.9,0.11,3.97,0.5700000000000001,2.37,0.09,0.13,0.0,0.0,1.7000000000000002,5.84
2007-01-01,0.38,0.2799999999999999,8.12,7.140000000000001,0.38,0.0,1.92,0.0,0.0699999999999999,0.35,30.06,8.38,0.0,0.02,0.42,2.26,0.11,5.42,19.85,0.0699999999999999,4.14,0.5700000000000001,2.5,0.08,0.09,0.0,0.0,1.72,5.67
2007-02-01,0.4,0.24,8.260000000000002,7.02,0.41,0.0,1.91,0.01,0.05,0.38,30.270000000000003,8.41,0.0,0.01,0.42,2.4,0.11,5.21,19.57,0.06,4.34,0.62,2.49,0.06,0.08,0.0,0.0,1.65,5.609999999999999
2007-03-01,0.3899999999999999,0.24,8.24,6.9,0.38,0.0,1.76,0.06,0.04,0.365,30.570000000000004,8.36,0.0,0.06,0.37,2.42,0.09,4.88,19.82,0.08,4.29,0.62,2.49,0.09,0.0699999999999999,0.0,0.0699999999999999,1.63,5.69
2007-04-01,0.38,0.21,8.1,6.825,0.3899999999999999,0.0,1.78,0.06,0.0699999999999999,0.35,30.47,8.38,0.0,0.08499999999999999,0.35,2.51,0.08,4.81,20.02,0.09,4.390000000000001,0.6,2.62,0.09,0.06,0.0,0.0699999999999999,1.6,5.67
2007-05-01,0.38,0.18,8.07,6.75,0.36,0.0,1.76,0.06,0.0699999999999999,0.3399999999999999,30.43,8.27,0.0,0.11,0.36,2.52,0.08,4.78,20.28,0.11,4.42,0.63,2.63,0.08,0.1,0.0,0.08,1.5599999999999998,5.58
2007-06-01,0.32,0.13,7.9,6.81,0.32,0.0,1.84,0.0699999999999999,0.08,0.31,30.55,8.36,0.0,0.12,0.3,2.39,0.06,4.78,20.32,0.1,4.47,0.58,2.76,0.08,0.11,0.0,0.08,1.62,5.55
2007-07-01,0.3399999999999999,0.1399999999999999,7.913333333333333,6.775,0.32,0.0,1.79,0.09,0.08,0.2799999999999999,30.570000000000004,8.48,0.0,0.11,0.33,2.39,0.0699999999999999,4.65,20.29,0.09,4.34,0.59,2.8000000000000003,0.0699999999999999,0.12,0.0,0.1,1.66,5.58
2007-08-01,0.36,0.22,7.926666666666666,6.74,0.32,0.0,1.75,0.12,0.09,0.29,30.67,8.57,0.0,0.13,0.35,2.24,0.08,4.569999999999999,20.74,0.11,4.17,0.58,2.78,0.09,0.1399999999999999,0.0,0.1,1.65,5.29
2007-09-01,0.36,0.21000000000000002,7.939999999999999,6.83,0.3399999999999999,0.0,1.71,0.0699999999999999,0.1,0.2799999999999999,30.64,8.57,0.0,0.09999999999999995,0.35,2.22,0.09,4.75,20.72,0.11,4.21,0.62,2.8000000000000003,0.06,0.12,0.0,0.03,1.64,5.13
2007-10-01,0.36,0.2,8.04,6.94,0.3399999999999999,0.0,1.73,0.0699999999999999,0.1,0.29,30.7,8.55,0.0,0.0699999999999999,0.37,2.15,0.0699999999999999,4.75,20.41,0.13,4.26,0.69,2.78,0.05,0.12,0.0,0.03,1.66,5.12
2007-11-01,0.37,0.31,8.06,6.97,0.36,0.0,1.7500000000000002,0.0699999999999999,0.1433333333333333,0.2799999999999999,30.54,8.41,0.0,0.0699999999999999,0.385,2.23,0.06,4.8,19.83,0.2299999999999999,4.46,0.7233333333333333,2.83,0.05,0.1399999999999999,0.0,0.02,1.67,5.27
2007-12-01,0.41,0.3399999999999999,8.01,6.94,0.4,0.0,1.72,0.06,0.1866666666666666,0.31,30.465,8.290000000000001,0.0,0.06,0.4,2.31,0.12,4.73,19.46,0.32,4.61,0.7566666666666667,2.79,0.08,0.32,0.0,0.2,1.67,5.220000000000001
2008-01-01,0.38,0.3,8.04,7.025,0.3899999999999999,0.0,1.63,0.05,0.2299999999999999,0.33,30.39,8.09,0.0,0.06,0.3899999999999999,2.37,0.1,4.569999999999999,19.58,0.32,4.8,0.79,2.8400000000000003,0.08,0.33,0.0,0.18,1.66,5.13
2008-02-01,0.36,0.24,7.99,7.109999999999999,0.3899999999999999,0.0,1.71,0.06,0.27,0.3399999999999999,30.15,7.95,0.0,0.08,0.4,2.46,0.13,4.48,19.48,0.33,4.93,0.8500000000000001,2.83,0.0699999999999999,0.31,0.0,0.18,1.67,5.23
2008-03-01,0.36,0.24,7.99,7.140000000000001,0.3899999999999999,0.0,1.67,0.05,0.2799999999999999,0.36,30.11,8.02,0.0,0.08,0.43,2.53,0.11,4.34,19.14,0.33,5.04,0.8500000000000001,2.87,0.06,0.32,0.0,0.18,1.69,5.34
2008-04-01,0.35,0.24,7.960000000000001,7.27,0.3899999999999999,0.0,1.61,0.05,0.29,0.36,30.320000000000004,8.09,0.0,0.09,0.42,2.52,0.11,4.2,19.19,0.31,5.01,0.8200000000000001,2.88,0.06499999999999995,0.3399999999999999,0.0,0.21,1.73,5.17
2008-05-01,0.3399999999999999,0.13,7.91,7.439999999999999,0.3899999999999999,0.0,1.64,0.05,0.2299999999999999,0.33,30.2,8.28,0.0,0.04,0.41,2.52,0.12,4.12,19.47,0.21,5.06,0.79,2.9000000000000004,0.0699999999999999,0.29,0.0,0.21,1.76,5.09
2008-06-01,0.32,0.09,7.93,7.66,0.3899999999999999,0.0,1.72,0.09,0.21499999999999997,0.33999999999999997,30.320000000000004,8.25,0.0,0.04,0.44,2.54,0.08,3.98,19.67,0.16,5.029999999999999,0.77,2.94,0.03,0.12,0.0,0.03,1.77,5.1
2008-07-01,0.36,0.15,7.89,7.75,0.42,0.0,1.79,0.08,0.2,0.35,30.05,8.200000000000001,0.0,0.06,0.4499999999999999,2.55,0.13,4.04,19.56,0.22,5.06,0.8099999999999999,2.935,0.03,0.1,0.0,0.03,1.7399999999999998,5.12
2008-08-01,0.35,0.16,7.829999999999999,7.829999999999999,0.42,0.0,1.87,0.04,0.16,0.31,29.85,8.02,0.0,0.04,0.4599999999999999,2.5700000000000003,0.12,4.0649999999999995,19.48,0.21,5.2,0.8,2.93,0.03,0.1,0.0,0.06,1.79,5.3
2008-09-01,0.3899999999999999,0.19,7.939999999999999,7.960000000000001,0.44,0.0,1.88,0.0699999999999999,0.16,0.31,29.57,7.870000000000001,0.0,0.04,0.4599999999999999,2.55,0.15,4.09,19.66,0.18,5.27,0.83,2.87,0.05,0.0699999999999999,0.0,0.0699999999999999,1.7500000000000002,5.18
2008-10-01,0.42,0.22,8.08,7.95,0.43,0.0,1.85,0.0699999999999999,0.2299999999999999,0.32,28.860000000000003,7.870000000000001,0.0,0.03,0.4499999999999999,2.68,0.16,4.14,19.49,0.25,5.58,0.8699999999999999,2.8400000000000003,0.06,0.08,0.0,0.0699999999999999,1.65,5.34
2008-11-01,0.42,0.26,8.290000000000001,7.95,0.42,0.0,1.81,0.0699999999999999,0.2799999999999999,0.31,28.82,7.75,0.0,0.05,0.4499999999999999,2.72,0.18,4.15,19.26,0.26,5.73,0.84,2.77,0.06,0.08,0.0,0.0699999999999999,1.67,5.3100000000000005
2008-12-01,0.43,0.3,8.469999999999999,7.829999999999999,0.41,0.0,1.7399999999999998,0.05,0.38,0.3,28.57,7.729999999999999,0.0,0.1,0.42,2.76,0.21,4.135,19.07,0.31,5.89,0.885,2.69,0.06,0.1699999999999999,0.0,0.09,1.68,5.28
2009-01-01,0.4,0.25,8.49,7.829999999999999,0.38,0.0,1.7399999999999998,0.06,0.4,0.3,28.24,7.99,0.0,0.1,0.42,2.7,0.18,4.12,18.82,0.3,6.21,0.93,2.68,0.06,0.2,0.0,0.11,1.71,5.390000000000001
2009-02-01,0.38,0.29,8.73,7.739999999999999,0.3899999999999999,0.0,1.63,0.09,0.41,0.2799999999999999,28.22,7.9399999999999995,0.0,0.1,0.3899999999999999,2.79,0.19,4.130000000000001,18.64,0.36,6.25,0.96,2.65,0.06,0.18,0.0,0.08,1.68,5.4
2009-03-01,0.37,0.2799999999999999,8.64,7.630000000000001,0.3399999999999999,0.0,1.64,0.06,0.4599999999999999,0.3399999999999999,28.16,7.89,0.0,0.1,0.41,2.98,0.18,4.17,18.38,0.38,6.370000000000001,0.99,2.67,0.06,0.2,0.0,0.0699999999999999,1.81,5.425000000000001
2009-04-01,0.35,0.2299999999999999,8.62,7.62,0.35,0.0,1.67,0.0699999999999999,0.4,0.35,28.38,7.779999999999999,0.0,0.1,0.42,2.87,0.18,4.15,18.59,0.33,6.3100000000000005,1.01,2.63,0.04,0.19,0.0,0.05,1.87,5.45
2009-05-01,0.37,0.22,8.7,7.439999999999999,0.3899999999999999,0.0,1.62,0.08,0.38,0.37,28.32,7.630000000000001,0.0,0.09,0.4599999999999999,2.85,0.16,4.08,18.77,0.37,6.36,1.08,2.64,0.04,0.18,0.0,0.05,1.93,5.43
2009-06-01,0.37,0.1699999999999999,8.67,7.33,0.3899999999999999,0.0,1.54,0.07,0.3,0.36,28.19,7.779999999999999,0.0,0.04,0.4499999999999999,2.89,0.1399999999999999,4.09,19.14,0.345,6.419999999999999,1.065,2.66,0.04,0.1,0.0,0.01,2.0,5.44
2009-07-01,0.4,0.2,9.02,7.23,0.41999999999999993,0.0,1.5,0.06,0.27,0.33,27.9,7.53,0.0,0.03,0.44,2.93,0.13,4.14,19.1,0.32,6.54,1.05,2.65,0.05,0.08,0.0,0.0,2.16,5.4
2009-08-01,0.43,0.12,9.1,7.1,0.4499999999999999,0.0,1.53,0.04,0.2799999999999999,0.35,27.64,7.66,0.0,0.02,0.41000000000000003,2.97,0.09,4.09,19.24,0.35,6.605,1.04,2.64,0.05,0.09,0.0,0.0,2.21,5.4
2009-09-01,0.41,0.1,9.54,7.000000000000001,0.44,0.0,1.47,0.04,0.24,0.26,27.68,7.7,0.0,0.03,0.38,2.87,0.1,4.04,19.3,0.4,6.67,1.03,2.645,0.04,0.11,0.0,0.0,2.17,5.390000000000001
2009-10-01,0.43,0.12,9.77,6.76,0.48,0.0,1.43,0.04,0.245,0.2299999999999999,27.64,7.61,0.0,0.02,0.3899999999999999,2.99,0.11,3.98,19.09,0.4499999999999999,6.79,1.05,2.65,0.06,0.09,0.0,0.0,2.21,5.34
2009-11-01,0.43,0.1399999999999999,9.95,6.69,0.47,0.0,1.4200000000000002,0.03,0.25,0.2299999999999999,27.66,7.64,0.0,0.035,0.37,3.03,0.13,3.95,18.9,0.4499999999999999,6.819999999999999,1.04,2.6,0.05,0.12,0.0,0.0,2.23,5.36
2009-12-01,0.44,0.1399999999999999,10.27,6.535,0.48,0.0,1.41,0.02,0.29,0.24499999999999994,27.72,7.449999999999999,0.0,0.05,0.3899999999999999,3.11,0.16,3.825,18.61,0.51,6.78,1.06,2.55,0.0699999999999999,0.13,0.0,0.0,2.28,5.4
2010-01-01,0.48,0.13,10.51,6.38,0.53,0.0,1.36,0.03,0.32,0.26,28.07,7.42,0.0,0.05,0.42,3.03,0.21,3.7,18.55,0.5599999999999999,6.61,1.13,2.53,0.0699999999999999,0.1699999999999999,0.0,0.0,2.21,5.35
2010-02-01,0.49,0.1399999999999999,10.75,6.329999999999999,0.49,0.0,1.31,0.03,0.3399999999999999,0.2299999999999999,28.3,7.290000000000001,0.0,0.05,0.5,3.2,0.24,3.64,18.365000000000002,0.53,6.44,1.1549999999999998,2.4349999999999996,0.0699999999999999,0.2,0.0,0.0,2.22,5.33
2010-03-01,0.5499999999999999,0.16,10.93,6.17,0.52,0.0,1.28,0.03,0.37,0.27,28.25,7.26,0.0,0.05,0.53,3.29,0.27,3.51,18.18,0.5499999999999999,6.345000000000001,1.18,2.34,0.0699999999999999,0.18,0.0,0.0,2.3,5.37
2010-04-01,0.53,0.13,11.25,6.16,0.48,0.0,1.26,0.03,0.37,0.27,28.45,7.380000000000001,0.0,0.05,0.51,3.29,0.25,3.38,18.2,0.5499999999999999,6.25,1.14,2.19,0.06,0.2,0.0,0.0,2.3,5.35
2010-05-01,0.58,0.12,11.48,6.16,0.51,0.0,1.25,0.03,0.37,0.26,28.37,7.290000000000001,0.0,0.02,0.49,3.32,0.29,3.25,18.11,0.5700000000000001,6.19,1.22,2.19,0.0699999999999999,0.2,0.0,0.0,2.36,5.3100000000000005
2010-06-01,0.61,0.13,11.55,6.239999999999999,0.53,0.0,1.29,0.03,0.38,0.25,28.3,7.33,0.0,0.01,0.49,3.29,0.3,3.25,17.955,0.6,6.22,1.1949999999999998,2.16,0.06,0.20999999999999996,0.0,0.0,2.35,5.355
2010-07-01,0.58,0.12,11.48,6.38,0.51,0.0,1.29,0.025,0.38,0.26,28.06,7.27,0.0,0.0,0.47,3.45,0.3399999999999999,3.28,17.8,0.65,6.22,1.17,2.16,0.06,0.21999999999999995,0.0,0.0,2.45,5.4
2010-08-01,0.6,0.13,11.56,6.38,0.54,0.0,1.25,0.02,0.4,0.2799999999999999,28.215,7.180000000000001,0.0,0.0,0.42,3.34,0.43,3.22,17.53,0.67,6.18,1.17,2.21,0.06,0.2299999999999999,0.0,0.0,2.55,5.28
2010-09-01,0.61,0.1399999999999999,11.68,6.41,0.5499999999999999,0.0,1.26,0.02,0.38,0.26,28.37,7.1,0.0,0.0,0.41,3.28,0.48,3.18,17.330000000000002,0.7100000000000001,6.3,1.17,2.32,0.06,0.26,0.0,0.0,2.55,5.17
2010-10-01,0.66,0.2,11.75,6.47,0.5599999999999999,0.0,1.23,0.03,0.39,0.26,28.15,6.859999999999999,0.0,0.0,0.4599999999999999,3.31,0.65,3.12,16.93,0.76,6.38,1.23,2.45,0.08,0.29,0.0,0.0,2.62,5.15
2010-11-01,0.63,0.21,11.81,6.550000000000001,0.54,0.0,1.21,0.04,0.4,0.26,28.26,6.8500000000000005,0.0,0.0,0.49,3.39,0.76,3.08,16.54,0.76,6.44,1.24,2.5,0.08499999999999999,0.305,0.0,0.0,2.54,5.16
2010-12-01,0.62,0.2299999999999999,11.92,6.52,0.52,0.0,1.23,0.03,0.38,0.31,28.09,6.72,0.0,0.0,0.5,3.41,1.03,2.97,16.375,0.745,6.510000000000001,1.31,2.63,0.09,0.32,0.0,0.0,2.46,5.15
2011-01-01,0.62,0.26,12.21,6.39,0.48,0.0,1.18,0.04,0.33,0.32499999999999996,28.45,6.81,0.0,0.0,0.485,3.24,1.15,2.79,16.21,0.73,6.65,1.32,2.62,0.09,0.31,0.0,0.005,2.32,4.98
2011-02-01,0.61,0.25,12.46,6.41,0.43,0.01,1.14,0.035,0.29,0.3399999999999999,28.23,6.93,0.0,0.0,0.47,3.36,1.3,2.67,16.23,0.7000000000000001,6.87,1.28,2.55,0.09,0.29,0.0,0.01,2.12,4.92
2011-03-01,0.59,0.25,12.509999999999998,6.460000000000001,0.42,0.02,1.14,0.03,0.3,0.37,28.09,6.94,0.0,0.0,0.48,3.43,1.48,2.56,16.25,0.64,6.909999999999999,1.29,2.55,0.0699999999999999,0.29,0.0,0.02,2.07,4.93
2011-04-01,0.59,0.22,12.509999999999998,6.45,0.41,0.02,1.15,0.01,0.3399999999999999,0.38,28.18,7.07,0.0,0.0,0.4499999999999999,3.3300000000000005,1.61,2.5700000000000003,16.27,0.5599999999999999,6.84,1.29,2.49,0.05,0.27,0.0,0.02,2.0,4.94
2011-05-01,0.65,0.22,12.5,6.329999999999999,0.42,0.03,1.18,0.01,0.37,0.35,28.16,7.13,0.0,0.0,0.44,3.15,1.76,2.44,16.41,0.58,6.909999999999999,1.31,2.47,0.04,0.3,0.0,0.03,1.91,4.91
2011-06-01,0.64,0.21,12.47,6.2700000000000005,0.38,0.05,1.16,0.02,0.37,0.32,28.24,7.17,0.0,0.0,0.42,3.09,1.78,2.46,16.54,0.5599999999999999,6.890000000000001,1.3,2.5700000000000003,0.03,0.2799999999999999,0.0,0.03,1.92,4.8
2011-07-01,0.66,0.1699999999999999,12.48,6.3,0.395,0.06,1.16,0.02,0.35,0.27,28.2,7.049999999999999,0.0,0.02,0.4499999999999999,3.1300000000000003,1.96,2.42,16.520000000000003,0.5499999999999999,6.9,1.31,2.58,0.02,0.2799999999999999,0.0,0.03,1.94,4.79
2011-08-01,0.69,0.18,12.41,6.22,0.41,0.06,1.18,0.02,0.38,0.27,28.16,7.03,0.0,0.02,0.47,3.01,2.07,2.46,16.33,0.58,6.890000000000001,1.35,2.66,0.03,0.2799999999999999,0.0,0.02,2.04,4.79
2011-09-01,0.7000000000000001,0.18,12.62,6.069999999999999,0.4,0.06,1.1,0.03,0.3899999999999999,0.26,28.23,7.04,0.0,0.03,0.5,2.8400000000000003,2.22,2.48,16.29,0.6,6.98,1.37,2.5700000000000003,0.04,0.29,0.0,0.02,2.02,4.69
2011-10-01,0.69,0.19,12.89,5.94,0.3899999999999999,0.06,1.06,0.03,0.33,0.25,28.12,7.08,0.0,0.03,0.5,2.85,2.27,2.4,16.150000000000002,0.62,7.199999999999999,1.39,2.5700000000000003,0.05,0.33,0.0,0.02,1.99,4.54
2011-11-01,0.6799999999999999,0.19,12.71,5.98,0.37,0.09,0.99,0.04,0.32,0.25,27.79,7.090000000000001,0.0,0.03,0.5,2.91,2.68,2.44,15.939999999999998,0.64,7.37,1.4200000000000002,2.6,0.0699999999999999,0.3399999999999999,0.0,0.02,2.11,4.41
2011-12-01,0.7100000000000001,0.20999999999999996,12.37,6.13,0.37,0.0699999999999999,0.99,0.03,0.33,0.25,27.78,7.19,0.0,0.03,0.5,2.95,2.97,2.3,15.75,0.64,7.68,1.43,2.44,0.0699999999999999,0.35,0.0,0.02,2.14,4.29
2012-01-01,0.72,0.2299999999999999,11.94,6.4,0.365,0.08,0.96,0.03,0.37,0.27,27.6,7.23,0.0,0.02,0.49,2.99,3.38,2.29,15.6,0.63,7.77,1.44,2.42,0.0699999999999999,0.38,0.0,0.03,2.16,4.15
2012-02-01,0.72,0.22,11.27,6.77,0.36,0.09,0.95,0.03,0.37,0.2799999999999999,27.33,7.19,0.02,0.02,0.47,3.0700000000000003,3.69,2.29,15.54,0.69,7.82,1.49,2.44,0.0699999999999999,0.38,0.0,0.03,2.21,4.01
2012-03-01,0.72,0.22,10.6,7.28,0.3899999999999999,0.12,0.94,0.03,0.3399999999999999,0.26,27.4,7.15,0.04,0.01,0.4499999999999999,3.1550000000000002,3.955,2.22,15.329999999999998,0.77,7.969999999999999,1.52,2.51,0.0699999999999999,0.38499999999999995,0.0,0.02,2.27,4.02
2012-04-01,0.74,0.22,9.65,7.779999999999999,0.41,0.1399999999999999,0.96,0.02,0.3399999999999999,0.2799999999999999,27.200000000000003,7.1,0.0699999999999999,0.01,0.49,3.24,4.22,2.22,15.06,0.8500000000000001,8.0,1.5599999999999998,2.59,0.08,0.3899999999999999,0.0,0.02,2.37,3.96
2012-05-01,0.75,0.24,9.21,8.08,0.38,0.1399999999999999,0.99,0.02,0.35,0.32,27.38,6.99,0.09,0.02,0.54,3.25,4.16,2.23,15.07,0.93,8.02,1.5699999999999998,2.62,0.08,0.37,0.0,0.01,2.34,3.86
2012-06-01,0.72,0.2,9.04,8.38,0.3899999999999999,0.16,0.96,0.02,0.35,0.3,27.15,6.92,0.1,0.02,0.58,3.2099999999999995,4.36,2.21,15.15,0.93,7.99,1.5699999999999998,2.68,0.0699999999999999,0.36,0.0,0.01,2.32,3.86
2012-07-01,0.73,0.22,8.77,8.61,0.38,0.15,0.99,0.02,0.36,0.3,27.14,6.83,0.12,0.01,0.62,3.15,4.36,2.19,15.0,1.02,8.02,1.68,2.73,0.0699999999999999,0.38,0.0,0.0,2.32,3.82
2012-08-01,0.76,0.24,8.61,8.89,0.35,0.1399999999999999,0.97,0.03,0.35,0.3,27.01,6.92,0.11,0.02,0.6699999999999999,3.1,4.47,2.13,14.760000000000002,1.04,8.129999999999999,1.72,2.72,0.06,0.3899999999999999,0.0,0.0,2.28,3.85
2012-09-01,0.75,0.25,8.6,9.09,0.3399999999999999,0.15,0.99,0.04,0.38,0.32,26.840000000000003,6.94,0.11,0.02,0.72,3.04,4.590000000000001,2.13,14.785,1.01,8.14,1.7500000000000002,2.73,0.06,0.3899999999999999,0.0,0.0,2.21,3.76
2012-10-01,0.7000000000000001,0.26,8.68,9.22,0.31,0.13,0.95,0.06,0.38,0.32,26.840000000000003,6.97,0.1,0.04,0.7100000000000001,2.97,4.7,2.09,14.81,0.92,8.19,1.76,2.66,0.05,0.3899999999999999,0.0,0.0,2.0500000000000003,3.74
2012-11-01,0.6866666666666668,0.24,8.75,9.34,0.32,0.1,0.8999999999999999,0.0699999999999999,0.3899999999999999,0.32,26.61,7.049999999999999,0.08,0.03,0.7100000000000001,2.98,4.8500000000000005,2.04,14.61,0.8699999999999999,8.27,1.81,2.74,0.04,0.4499999999999999,0.0,0.0,2.0500000000000003,3.69
2012-12-01,0.6733333333333333,0.26,8.61,9.395,0.3,0.1,0.8500000000000001,0.0699999999999999,0.37,0.33,26.640000000000004,7.04,0.1,0.04,0.6799999999999999,3.04,4.87,2.09,14.39,0.88,8.38,1.86,2.74,0.04,0.4599999999999999,0.0,0.0,2.0500000000000003,3.65
2013-01-01,0.66,0.2799999999999999,8.66,9.45,0.29,0.1,0.86,0.0699999999999999,0.3399999999999999,0.35,26.46,7.08,0.1,0.04,0.72,3.0700000000000003,5.0200000000000005,2.06,14.24,0.8500000000000001,8.540000000000001,1.87,2.78,0.05,0.4499999999999999,0.0,0.0,1.9300000000000002,3.67
2013-02-01,0.6,0.2799999999999999,8.61,9.48,0.31,0.08,0.8099999999999999,0.08,0.3399999999999999,0.33,26.68,7.02,0.1,0.03,0.72,3.05,5.13,1.99,14.27,0.7799999999999999,8.790000000000001,1.87,2.74,0.06,0.46499999999999997,0.0,0.01,1.81,3.62
2013-03-01,0.62,0.26,8.450000000000001,9.46,0.33,0.08,0.83,0.0699999999999999,0.37,0.31,26.56,7.06,0.09,0.03,0.7000000000000001,3.1,5.36,1.91,14.26,0.74,8.93,1.88,2.7300000000000004,0.06,0.48,0.0,0.01,1.81,3.5700000000000003
2013-04-01,0.61,0.25,8.33,9.48,0.33,0.0699999999999999,0.7799999999999999,0.05,0.38,0.31,26.48,7.17,0.11,0.02,0.67,3.19,5.38,1.9,14.219999999999999,0.73,9.12,1.96,2.72,0.08,0.49,0.0,0.025,1.82,3.46
2013-05-01,0.61,0.26,8.14,9.69,0.36,0.08,0.76,0.06,0.37,0.27,26.3,7.3,0.13,0.03,0.69,3.19,5.37,1.9,14.18,0.73,9.31,1.96,2.67,0.08,0.485,0.0,0.04,1.73,3.36
2013-06-01,0.62,0.25,8.07,9.74,0.38,0.08,0.76,0.08,0.4,0.2799999999999999,26.21,7.489999999999999,0.12,0.02,0.69,3.14,5.33,1.82,14.21,0.67,9.48,1.98,2.7,0.09,0.48,0.0,0.04,1.62,3.2649999999999997
2013-07-01,0.59,0.22,7.9,9.94,0.37,0.09,0.69,0.08,0.42,0.25,26.36,7.57,0.12,0.03,0.66,3.11,5.29,1.84,14.21,0.64,9.64,1.9849999999999999,2.65,0.1,0.5,0.0,0.06,1.61,3.17
2013-08-01,0.62,0.22,7.88,9.92,0.35,0.09,0.72,0.0699999999999999,0.4,0.25,26.25,7.729999999999999,0.13,0.03,0.62,3.1300000000000003,5.33,1.86,14.02,0.65,9.62,1.99,2.74,0.08999999999999997,0.53,0.0,0.05,1.63,3.08
2013-09-01,0.61,0.21,7.9,9.87,0.33,0.1,0.7000000000000001,0.09,0.37,0.2799999999999999,26.27,7.720000000000001,0.1399999999999999,0.03,0.65,3.08,5.593333333333334,1.85,13.900000000000002,0.6799999999999999,9.79,2.0500000000000003,2.77,0.07999999999999993,0.52,0.0,0.0699999999999999,1.61,3.02
2013-10-01,0.61,0.21,7.85,9.87,0.32,0.1,0.7100000000000001,0.08,0.36,0.27,26.08,7.57,0.12,0.02,0.65,3.0,5.8566666666666665,1.84,13.77,0.67,9.81,2.08,2.85,0.0699999999999999,0.51,0.0,0.05,1.61,3.04
2013-11-01,0.59,0.2,8.03,9.76,0.3,0.1,0.68,0.08,0.35,0.26,26.450000000000003,7.46,0.11,0.02,0.59,2.99,6.12,1.79,13.55,0.67,9.86,2.1,2.74,0.0699999999999999,0.51,0.0,0.05,1.5599999999999998,3.0700000000000003
2013-12-01,0.6,0.2,8.08,9.75,0.3,0.11,0.65,0.0699999999999999,0.38,0.27,26.38,7.32,0.1399999999999999,0.01,0.58,3.0,6.35,1.76,13.320000000000002,0.7100000000000001,9.79,2.12,2.72,0.0699999999999999,0.5599999999999999,0.0,0.05,1.64,3.12
2014-01-01,0.59,0.22,8.12,9.7,0.33,0.12,0.6699999999999999,0.08,0.3899999999999999,0.2799999999999999,26.18,7.340000000000001,0.15,0.01,0.5599999999999999,3.03,6.49,1.71,13.14,0.72,9.92,2.17,2.7,0.09,0.5700000000000001,0.0,0.05,1.66,3.02
2014-02-01,0.6,0.22,8.129999999999999,9.6,0.36,0.16,0.69,0.1,0.42,0.35,26.08,7.340000000000001,0.18,0.01,0.61,3.05,6.619999999999999,1.5,13.01,0.73,9.91,2.17,2.59,0.16,0.61,0.06,0.09,1.68,2.91
2014-03-01,0.5599999999999999,0.22,8.1,9.62,0.36,0.1399999999999999,0.6799999999999999,0.1,0.44,0.33,25.82,7.580000000000001,0.1699999999999999,0.01,0.5700000000000001,3.12,6.88,1.35,12.91,0.725,9.9,2.2,2.59,0.22,0.62,0.12,0.0699999999999999,1.69,2.94
2014-04-01,0.5499999999999999,0.2299999999999999,8.08,9.66,0.36,0.15,0.6799999999999999,0.11,0.44,0.35,26.13,7.670000000000001,0.17333333333333326,0.01,0.58,3.0700000000000003,6.5,1.18,12.95,0.72,10.02,2.18,2.53,0.25,0.62,0.18,0.09,1.69,2.8400000000000003
2014-05-01,0.6,0.26,7.95,9.67,0.38,0.18,0.74,0.16,0.47,0.3899999999999999,25.82,7.76,0.17666666666666664,0.01,0.64,3.02,6.44,1.02,12.920000000000002,0.73,10.07,2.2,2.6,0.2799999999999999,0.67,0.25,0.11,1.7000000000000002,2.77
2014-06-01,0.59,0.29,7.88,9.68,0.36,0.19,0.72,0.1699999999999999,0.44,0.3899999999999999,25.92,7.77,0.18,0.01,0.63,2.97,6.39,0.88,12.95,0.74,10.2,2.28,2.59,0.33,0.67,0.31,0.11,1.66,2.7
2014-07-01,0.6,0.29,7.835,9.65,0.35,0.1699999999999999,0.7000000000000001,0.18,0.43,0.38,25.98,7.75,0.18,0.0,0.64,2.93,6.370000000000001,0.8699999999999999,12.85,0.74,10.09,2.28,2.6100000000000003,0.31,0.66,0.6799999999999999,0.12,1.66,2.67
2014-08-01,0.58,0.3,7.79,9.59,0.33999999999999997,0.15,0.66,0.16,0.43,0.3399999999999999,26.18,7.6,0.1699999999999999,0.0,0.61,2.88,6.29,0.99,12.86,0.75,10.2,2.28,2.63,0.26999999999999996,0.65,0.96,0.11,1.64,2.6
2014-09-01,0.59,0.3399999999999999,7.829999999999999,9.56,0.33,0.18,0.65,0.185,0.4499999999999999,0.35,26.07,7.489999999999999,0.2,0.0,0.595,2.8000000000000003,6.140000000000001,1.11,12.73,0.77,10.265,2.37,2.64,0.2299999999999999,0.66,1.23,0.13,1.61,2.53
2014-10-01,0.59,0.3399999999999999,7.939999999999999,9.55,0.3,0.19,0.6100000000000001,0.21,0.44,0.33,25.88,7.41,0.21,0.0,0.58,2.85,6.21,1.23,12.49,0.7799999999999999,10.33,2.39,2.58,0.2,0.67,1.54,0.1399999999999999,1.54,2.45
2014-11-01,0.54,0.33,8.0,9.47,0.29,0.175,0.5700000000000001,0.19,0.42,0.3,25.89,7.32,0.2,0.0,0.52,2.9000000000000004,6.3,1.29,12.27,0.8,10.405000000000001,2.47,2.51,0.1699999999999999,0.65,1.89,0.13,1.54,2.39
2014-12-01,0.5499999999999999,0.35,7.99,9.24,0.33,0.16,0.59,0.21,0.44,0.31,25.66,7.290000000000001,0.2,0.0,0.52,2.95,6.279999999999999,1.43,11.98,0.8099999999999999,10.48,2.48,2.54,0.15,0.6799999999999999,2.3,0.13,1.52,2.43
2015-01-01,0.5599999999999999,0.36,8.02,9.15,0.31,0.1699999999999999,0.5599999999999999,0.21,0.4599999999999999,0.3399999999999999,25.485,7.3,0.195,0.0,0.51,3.02,6.2,1.39,11.9,0.77,10.62,2.5700000000000003,2.54,0.16,0.7000000000000001,2.4,0.13,1.49,2.4
2015-02-01,0.54,0.3399999999999999,7.969999999999999,9.25,0.32,0.15,0.58,0.2299999999999999,0.4599999999999999,0.3399999999999999,25.31,7.33,0.19,0.0,0.53,3.0700000000000003,6.18,1.38,11.74,0.76,10.76,2.67,2.51,0.15,0.7100000000000001,2.49,0.12,1.47,2.45
2015-03-01,0.53,0.33,7.91,9.24,0.32,0.13,0.5599999999999999,0.21,0.46499999999999997,0.35,25.240000000000002,7.27,0.16,0.0,0.51,3.18,6.1,1.35,11.71,0.76,11.03,2.68,2.5,0.1399999999999999,0.73,2.59,0.11,1.4849999999999999,2.37
2015-04-01,0.5499999999999999,0.35,7.8,9.13,0.35,0.11,0.58,0.21,0.47,0.36,25.17,7.33,0.16,0.0,0.5499999999999999,3.2099999999999995,5.949999999999999,1.3450000000000002,11.67,0.76,11.06,2.77,2.55,0.15499999999999992,0.79,2.65,0.11,1.5,2.3800000000000003
2015-05-01,0.5599999999999999,0.33,7.630000000000001,9.25,0.3399999999999999,0.1,0.59,0.21,0.48,0.35,25.17,7.41,0.155,0.0,0.54,3.2,5.7700000000000005,1.34,11.76,0.74,11.08,2.79,2.59,0.1699999999999999,0.8099999999999999,2.63,0.1399999999999999,1.51,2.35
2015-06-01,0.53,0.3,7.61,9.39,0.31,0.1,0.58,0.21999999999999995,0.47,0.35,25.17,7.449999999999999,0.15,0.0,0.53,3.19,5.7,1.35,11.75,0.75,11.13,2.83,2.6100000000000003,0.18,0.8099999999999999,2.64,0.15,1.52,2.23
2015-07-01,0.51,0.3,7.56,9.45,0.32,0.09,0.5700000000000001,0.2299999999999999,0.4599999999999999,0.32999999999999996,25.24,7.41,0.1399999999999999,0.0,0.52,3.08,5.65,1.34,11.75,0.8,11.25,2.85,2.59,0.1699999999999999,0.8099999999999999,2.7,0.1699999999999999,1.53,2.16
2015-08-01,0.5499999999999999,0.305,7.57,9.33,0.3399999999999999,0.1,0.5599999999999999,0.25,0.47,0.31,25.1,7.470000000000001,0.1699999999999999,0.0,0.5,2.97,5.63,1.34,11.72,0.84,11.25,2.87,2.64,0.22,0.8699999999999999,2.74,0.21,1.58,2.11
2015-09-01,0.54,0.31,7.64,9.28,0.3399999999999999,0.11,0.5499999999999999,0.27,0.4499999999999999,0.29,25.25,7.430000000000001,0.18,0.0,0.48,2.87,5.609999999999999,1.31,11.62,0.8200000000000001,11.37,2.86,2.63,0.24,0.89,2.78,0.2299999999999999,1.59,2.04
2015-10-01,0.535,0.315,7.66,9.21,0.32,0.11,0.54,0.27,0.4499999999999999,0.29,25.32,7.470000000000001,0.18,0.0,0.48,2.77,5.62,1.3,11.5,0.8099999999999999,11.47,2.89,2.63,0.25,0.8999999999999999,2.9000000000000004,0.24,1.6,1.99
2015-11-01,0.53,0.32,7.7,9.1,0.3399999999999999,0.1399999999999999,0.52,0.29,0.44,0.31,25.2,7.35,0.21,0.0,0.51,2.77,5.565,1.3,11.24,0.8200000000000001,11.6,2.97,2.6100000000000003,0.2799999999999999,0.94,3.05,0.27,1.61,2.01
2015-12-01,0.54,0.32,7.71,9.05,0.33,0.1399999999999999,0.5,0.29,0.44,0.29,25.14,7.439999999999999,0.21,0.0,0.49,2.81,5.510000000000001,1.21,11.23,0.79,11.83,2.99,2.56,0.27,0.96,3.1,0.3,1.6,1.97
2016-01-01,0.51,0.32999999999999996,7.755,8.93,0.32,0.1399999999999999,0.51,0.29,0.4,0.3,25.07,7.6,0.21,0.0,0.49,2.87,5.54,1.19,11.07,0.74,11.9,3.04,2.5,0.26,1.0,3.1,0.32,1.59,1.93
2016-02-01,0.47,0.3399999999999999,7.8,8.99,0.29,0.12,0.47,0.29,0.37,0.32,24.87,7.6,0.2,0.0,0.51,2.94,5.529999999999999,1.17,11.02,0.66,12.25,3.06,2.46,0.25,0.98,3.2300000000000004,0.3399999999999999,1.54,1.9
2016-03-01,0.4499999999999999,0.3399999999999999,7.649999999999999,8.97,0.29,0.11,0.4599999999999999,0.3,0.37,0.3399999999999999,24.54,7.71,0.19,0.03,0.54,2.97,5.52,1.1400000000000001,11.03,0.66,12.53,3.15,2.42,0.25,0.96,3.27,0.38,1.52,1.9
2016-04-01,0.42,0.38,7.574999999999999,8.95,0.32,0.1,0.4499999999999999,0.3399999999999999,0.38,0.3399999999999999,24.33,7.689999999999999,0.21,0.03,0.52,3.06,5.489999999999999,1.11,11.02,0.65,12.7,3.2300000000000004,2.3800000000000003,0.27,0.99,3.31,0.4499999999999999,1.51,1.86
2016-05-01,0.41,0.395,7.5,8.975,0.31,0.0699999999999999,0.44,0.37,0.38,0.33,24.25,7.689999999999999,0.1699999999999999,0.03,0.53,3.04,5.46,1.06,11.09,0.63,12.83,3.27,2.37,0.24,0.97,3.42,0.5,1.46,1.79
2016-06-01,0.41,0.41,7.399999999999999,9.0,0.35,0.0699999999999999,0.42,0.4,0.38,0.3399999999999999,23.97,7.720000000000001,0.15999999999999995,0.04,0.58,2.93,5.489999999999999,1.06,11.01,0.64,13.170000000000002,3.3000000000000003,2.3,0.2799999999999999,1.01,3.41,0.61,1.41,1.71
2016-07-01,0.44,0.43,7.31,9.05,0.35,0.06,0.3899999999999999,0.44,0.4,0.33,23.64,7.649999999999999,0.15,0.0699999999999999,0.58,2.88,5.38,1.05,10.87,0.67,13.5,3.4000000000000004,2.32,0.29,1.06,3.4799999999999995,0.7000000000000001,1.41,1.69
2016-08-01,0.42,0.4499999999999999,7.27,9.08,0.37,0.0699999999999999,0.41,0.44,0.43,0.32,23.66,7.61,0.16,0.08,0.59,2.79,5.3,1.0,10.74,0.7000000000000001,13.669999999999998,3.42,2.32,0.305,1.1,3.46,0.7799999999999999,1.41,1.645
2016-09-01,0.42,0.52,7.27,9.035,0.37,0.09,0.4,0.4599999999999999,0.43,0.3399999999999999,23.55,7.61,0.19,0.06,0.5599999999999999,2.72,5.26,1.03,10.62,0.72,13.82,3.4000000000000004,2.29,0.32,1.11,3.53,0.84,1.41,1.6
2016-10-01,0.44,0.53,7.290000000000001,8.99,0.3399999999999999,0.09,0.39499999999999996,0.43,0.44,0.3399999999999999,23.380000000000003,7.630000000000001,0.18,0.06,0.59,2.67,5.25,1.0699999999999998,10.41,0.75,14.07,3.45,2.28,0.31,1.1400000000000001,3.51,0.94,1.43,1.6
2016-11-01,0.4599999999999999,0.53,7.430000000000001,8.76,0.33,0.11,0.3899999999999999,0.42,0.44,0.3399999999999999,23.06,7.82,0.22,0.08,0.5700000000000001,2.67,5.24,1.05,10.22,0.77,14.499999999999998,3.4799999999999995,2.22,0.32,1.17,3.4000000000000004,0.99,1.44,1.59
2016-12-01,0.44,0.53,7.61,8.649999999999999,0.2799999999999999,0.09,0.35,0.41,0.42,0.32,23.09,7.93,0.22,0.08,0.5,2.69,5.1,0.98,10.12,0.75,14.85,3.5,2.18,0.29,1.1,3.51,0.96,1.4200000000000002,1.59
2017-01-01,0.42,0.52,7.51,8.59,0.27,0.1,0.35,0.3899999999999999,0.43,0.325,22.92,8.04,0.25,0.0699999999999999,0.49,2.67,5.140000000000001,0.94,10.09,0.7649999999999999,15.21,3.52,2.17,0.29,1.08,3.4799999999999995,1.01,1.39,1.58
2017-02-01,0.48,0.51,7.484999999999999,8.459999999999999,0.2799999999999999,0.12,0.35,0.44,0.4499999999999999,0.33,22.53,8.03,0.2299999999999999,0.09,0.47,2.75,5.0,0.92,9.97,0.7799999999999999,15.57,3.61,2.14,0.3,1.1,3.5000000000000004,1.05,1.4,1.58
2017-03-01,0.49,0.5,7.46,8.39,0.31,0.11,0.355,0.4599999999999999,0.4599999999999999,0.32,22.36,8.110000000000001,0.2,0.1,0.48,2.75,4.82,0.86,9.85,0.8,16.06,3.72,2.09,0.33,1.16,3.5000000000000004,1.1,1.35,1.53
2017-04-01,0.5,0.49,7.41,8.4,0.3399999999999999,0.12,0.36,0.52,0.47,0.32,22.11,8.219999999999999,0.21,0.1,0.49,2.7,4.67,0.79,9.82,0.78,16.439999999999998,3.81,2.03,0.35,1.18,3.44,1.11,1.31,1.5
2017-05-01,0.48,0.475,7.26,8.450000000000001,0.36,0.11,0.3399999999999999,0.54,0.4599999999999999,0.325,22.01,8.28,0.1699999999999999,0.09,0.48,2.67,4.54,0.7799999999999999,9.72,0.76,16.71,3.93,2.0500000000000003,0.3399999999999999,1.25,3.4799999999999995,1.16,1.31,1.48
2017-06-01,0.49,0.4599999999999999,7.07,8.43,0.36,0.11,0.3399999999999999,0.575,0.48,0.33,21.69,8.260000000000002,0.1699999999999999,0.24,0.48,2.6100000000000003,4.5,0.8,9.49,0.79,17.080000000000002,4.04,2.11,0.37,1.32,3.44,1.21,1.35,1.4
2017-07-01,0.5,0.43,7.03,8.25,0.35,0.1,0.33,0.61,0.5,0.33,21.66,8.3,0.15,0.33499999999999996,0.48,2.5700000000000003,4.37,0.8099999999999999,9.2,0.77,17.44,4.125,2.08,0.36,1.3299999999999998,3.5000000000000004,1.25,1.44,1.34
2017-08-01,0.48,0.41,6.94,8.110000000000001,0.32,0.08,0.33,0.59,0.49,0.3,21.88,8.44,0.16,0.43,0.44,2.46,4.3,0.79,8.99,0.76,17.84,4.21,2.04,0.35,1.3299999999999998,3.5000000000000004,1.3,1.43,1.28
2017-09-01,0.48,0.36,6.909999999999999,8.05,0.3,0.1,0.32,0.61,0.495,0.3,21.91,8.43,0.1699999999999999,0.53,0.42,2.36,4.24,0.8200000000000001,8.799999999999999,0.75,18.17,4.25,2.0,0.31,1.31,3.47,1.35,1.49,1.28
2017-10-01,0.4599999999999999,0.3399999999999999,6.81,8.02,0.26,0.0699999999999999,0.2799999999999999,0.62,0.5,0.27,21.99,8.38,0.15,0.67,0.33,2.32,4.17,0.84,8.62,0.7799999999999999,18.73,4.17,1.94,0.29,1.35,3.51,1.38,1.51,1.24
2017-11-01,0.47,0.33,6.67,7.960000000000001,0.25,0.08,0.29,0.66,0.54,0.24,22.03,8.3,0.15,0.7799999999999999,0.31,2.26,4.130000000000001,0.86,8.41,0.8200000000000001,19.25,4.16,1.86,0.3,1.32,3.46,1.37,1.51,1.23
2017-12-01,0.47,0.3399999999999999,6.6000000000000005,7.779999999999999,0.27,0.09,0.33,0.7100000000000001,0.5499999999999999,0.26,22.08,8.260000000000002,0.18,0.79,0.35,2.23,4.01,0.88,8.33,0.86,19.61,4.15,1.76,0.31,1.32,3.32,1.39,1.48,1.29
2018-01-01,0.48,0.36,6.505000000000001,7.84,0.27,0.08,0.31,0.75,0.54,0.25,21.98,8.19,0.18,0.76,0.38,2.22,3.89,0.8500000000000001,8.260000000000002,0.8699999999999999,20.14,4.19,1.72,0.3399999999999999,1.31,3.17,1.4,1.4200000000000002,1.3
2018-02-01,0.49,0.36,6.41,7.83,0.29,0.08,0.29,0.8099999999999999,0.51,0.2799999999999999,21.78,8.200000000000001,0.1699999999999999,0.8099999999999999,0.4,2.28,3.790000000000001,0.86,8.219999999999999,0.93,20.57,4.15,1.67,0.32,1.31,3.05,1.41,1.41,1.31
2018-03-01,0.48,0.37,6.29,7.82,0.2799999999999999,0.06,0.29,0.8200000000000001,0.5,0.29,21.77,8.17,0.19,0.8500000000000001,0.4,2.31,3.72,0.825,8.06,0.95,21.0,4.15,1.68,0.35,1.29,2.96,1.4300000000000002,1.38,1.31
2018-04-01,0.47,0.36,6.21,7.77,0.29,0.09,0.29,0.83,0.51,0.32,21.790000000000003,8.219999999999999,0.2,0.86,0.42,2.26,3.5900000000000003,0.79,8.01,0.96,21.45,4.17,1.67,0.36,1.1900000000000002,2.85,1.4500000000000002,1.35,1.27
2018-05-01,0.47,0.3899999999999999,6.17,7.68,0.3,0.1,0.2799999999999999,0.8500000000000001,0.5,0.33,21.740000000000002,8.24,0.2,0.8699999999999999,0.44,2.23,3.46,0.74,7.99,0.93,22.05,4.130000000000001,1.65,0.37,1.17,2.77,1.46,1.35,1.23
2018-06-01,0.48,0.3899999999999999,6.0,7.720000000000001,0.31,0.11,0.25,0.86,0.51,0.31,21.69,8.34,0.16,0.8699999999999999,0.4,2.22,3.37,0.72,7.870000000000001,0.94,22.44,4.06,1.65,0.3899999999999999,1.16,2.73,1.46,1.38,1.1900000000000002
2018-07-01,0.51,0.37,5.93,7.649999999999999,0.31,0.15,0.25,0.8500000000000001,0.53,0.31,21.58,8.36,0.18,0.92,0.4,2.16,3.29,0.73,7.75,0.97,22.81,4.02,1.61,0.4,1.1900000000000002,2.73,1.47,1.39,1.1900000000000002
2018-08-01,0.52,0.37,5.949999999999999,7.62,0.32,0.1699999999999999,0.29,0.86,0.5700000000000001,0.27,21.62,8.33,0.18,0.97,0.37,2.08,3.2300000000000004,0.7100000000000001,7.619999999999999,0.95,23.21,3.98,1.5599999999999998,0.41,1.1900000000000002,2.67,1.48,1.4,1.15
2018-09-01,0.54,0.3899999999999999,6.04,7.57,0.32,0.19,0.2799999999999999,0.91,0.545,0.25,21.42,8.28,0.22,0.985,0.37,2.02,3.22,0.7000000000000001,7.489999999999999,0.96,23.44,3.99,1.58,0.42,1.21,2.66,1.49,1.4200000000000002,1.13
2018-10-01,0.5499999999999999,0.3899999999999999,6.0600000000000005,7.53,0.31,0.18,0.27,0.94,0.52,0.25,21.35,8.260000000000002,0.25,1.0,0.35,1.99,3.1966666666666668,0.67,7.340000000000001,0.94,23.92,3.93,1.5699999999999998,0.4,1.21,2.59,1.48,1.44,1.13
2018-11-01,0.5499999999999999,0.38,6.08,7.5,0.32,0.19,0.2799999999999999,0.94,0.48,0.24,21.19,8.21,0.27,1.06,0.33,1.97,3.1733333333333333,0.66,7.17,0.95,24.35,3.91,1.5599999999999998,0.41,1.21,2.5700000000000003,1.52,1.44,1.13
2018-12-01,0.54,0.37,6.11,7.46,0.2799999999999999,0.18,0.2799999999999999,0.98,0.44,0.25,21.03,8.1,0.27,1.09,0.32,1.98,3.15,0.61,7.180000000000001,0.92,24.56,3.92,1.53,0.42,1.1900000000000002,2.6,1.5599999999999998,1.4200000000000002,1.13
2019-01-01,0.51,0.38,6.140000000000001,7.439999999999999,0.29,0.19,0.3,1.01,0.43,0.27,20.99,8.11,0.3,1.11,0.32,1.98,3.06,0.58,7.17,0.9,25.0,3.93,1.49,0.42,1.16,2.5,1.53,1.38,1.1
2019-02-01,0.49,0.37,6.1,7.439999999999999,0.29,0.18,0.26,1.02,0.41,0.29,20.79,8.12,0.3,1.09,0.3,1.95,3.01,0.5499999999999999,7.17,0.88,25.52,3.94,1.5,0.43,1.13,2.46,1.5599999999999998,1.36,1.09
2019-03-01,0.47,0.3399999999999999,6.0,7.380000000000001,0.31,0.2,0.25,1.05,0.4499999999999999,0.29,20.61,8.129999999999999,0.3,1.12,0.31,1.98,2.89,0.51,7.12,0.8999999999999999,26.12,3.93,1.41,0.43,1.105,2.41,1.5599999999999998,1.35,1.09
2019-04-01,0.4599999999999999,0.33,5.93,7.359999999999999,0.33,0.21,0.27,1.06,0.44,0.2799999999999999,20.44,8.17,0.29,1.13,0.32,1.95,2.8000000000000003,0.53,7.07,0.91,26.395000000000003,3.91,1.4,0.48,1.08,2.3800000000000003,1.5699999999999998,1.32,1.08
2019-05-01,0.48,0.35,5.8500000000000005,7.23,0.35,0.24,0.29,1.15,0.48,0.27,20.15,8.19,0.3,1.17,0.3399999999999999,1.92,2.77,0.5700000000000001,6.97,0.98,26.67,3.96,1.34,0.53,1.0699999999999998,2.34,1.58,1.36,1.07
2019-06-01,0.47,0.37,5.74,7.180000000000001,0.35,0.27,0.27,1.17,0.5,0.24,19.950000000000003,8.139999999999999,0.3,1.23,0.3399999999999999,1.89,2.7,0.59,6.79,1.0,27.28,3.9,1.35,0.48,1.09,2.29,1.6,1.38,1.06
2019-07-01,0.47,0.3899999999999999,5.74,7.140000000000001,0.36,0.29,0.25,1.1900000000000002,0.52,0.22,19.72,8.09,0.29,1.27,0.3399999999999999,1.82,2.69,0.5700000000000001,6.61,1.0699999999999998,27.73,3.82,1.35,0.52,1.1,2.37,1.63,1.37,1.04
2019-08-01,0.48,0.4,5.69,7.049999999999999,0.38,0.3,0.2299999999999999,1.27,0.54,0.24,19.47,8.04,0.29,1.39,0.33,1.81,2.59,0.6,6.41,1.12,27.94,3.790000000000001,1.41,0.5599999999999999,1.11,2.3800000000000003,1.72,1.4200000000000002,1.03
2019-09-01,0.47,0.41,5.7,7.06,0.37,0.33,0.22,1.3,0.54,0.2799999999999999,19.16,7.939999999999999,0.32,1.44,0.31,1.7500000000000002,2.6,0.63,6.2700000000000005,1.15,28.15,3.74,1.4500000000000002,0.62,1.1900000000000002,2.4050000000000002,1.7399999999999998,1.4200000000000002,1.03
2019-10-01,0.4599999999999999,0.3899999999999999,5.87,7.04,0.3399999999999999,0.35,0.2,1.27,0.54,0.29,18.98,7.979999999999999,0.31,1.47,0.3,1.72,2.63,0.6,6.18,1.12,28.53,3.78,1.38,0.61,1.1500000000000001,2.43,1.76,1.39,0.96
2019-11-01,0.48,0.36,5.9,7.22,0.31,0.37,0.1699999999999999,1.27,0.52,0.3,18.94,8.0,0.2799999999999999,1.47,0.27,1.71,2.59,0.61,6.14,1.11,28.8,3.7,1.4,0.62,1.11,2.43,1.79,1.35,0.8500000000000001
2019-12-01,0.52,0.32,5.949999999999999,7.199999999999999,0.3399999999999999,0.4,0.16,1.36,0.53,0.33,18.72,7.920000000000001,0.31,1.47,0.24,1.68,2.55,0.62,6.1,1.16,28.79,3.7,1.4200000000000002,0.67,1.11,2.43,1.79,1.35,0.8699999999999999
2020-01-01,0.52,0.32,5.93,7.08,0.33,0.4499999999999999,0.18,1.41,0.5,0.3399999999999999,18.46,7.979999999999999,0.32,1.5,0.27,1.79,2.47,0.67,6.11,1.17,28.7,3.73,1.43,0.72,1.12,2.37,1.81,1.4,0.91
2020-02-01,0.51,0.32,5.86,7.199999999999999,0.2799999999999999,0.49,0.2,1.39,0.48,0.32,18.305,7.9,0.3399999999999999,1.455,0.31,1.73,2.44,0.64,6.18,1.18,29.28,3.75,1.3299999999999998,0.72,1.11,2.29,1.77,1.35,0.8999999999999999
2020-03-01,0.5499999999999999,0.33,5.87,7.23,0.26999999999999996,0.5,0.19,1.37,0.4499999999999999,0.27,18.15,7.920000000000001,0.32,1.41,0.3399999999999999,1.77,2.3800000000000003,0.63,6.135,1.16,29.95,3.71,1.28,0.69,1.04,2.19,1.84,1.3,0.8699999999999999
2020-04-01,0.5599999999999999,0.38,5.66,7.16,0.26,0.52,0.2,1.43,0.4599999999999999,0.27,17.76,7.85,0.3399999999999999,1.4200000000000002,0.4,1.86,2.39,0.62,6.09,1.26,29.93,3.76,1.3299999999999998,0.74,1.0699999999999998,2.15,1.87,1.34,0.94
2020-05-01,0.52,0.43,5.63,6.890000000000001,0.32,0.5700000000000001,0.24,1.41,0.4599999999999999,0.29,17.36,7.77,0.42,1.47,0.4499999999999999,1.9,2.4,0.54,5.970000000000001,1.23,30.46,3.83,1.34,0.8,1.0699999999999998,2.09,1.79,1.37,1.0
2020-06-01,0.5,0.5,5.59,6.64,0.33,0.61,0.27,1.38,0.4549999999999999,0.29,16.830000000000002,7.779999999999999,0.48,1.44,0.54,1.89,2.3800000000000003,0.52,5.83,1.22,30.8,3.9,1.39,0.89,1.11,2.12,1.84,1.4200000000000002,1.03
2020-07-01,0.53,0.53,5.63,6.619999999999999,0.33,0.61,0.25,1.37,0.4499999999999999,0.29,16.400000000000002,7.79,0.49,1.47,0.52,1.84,2.46,0.4499999999999999,5.800000000000001,1.16,31.41,3.9,1.35,0.92,1.1,2.185,1.89,1.34,0.96
2020-08-01,0.54,0.5599999999999999,5.6000000000000005,6.4,0.37,0.63,0.29,1.41,0.5,0.3,16.255000000000003,7.99,0.4599999999999999,1.51,0.53,1.85,2.54,0.4599999999999999,5.66,1.12,31.3,3.88,1.38,1.0,1.1,2.25,1.87,1.31,0.94
2020-09-01,0.49,0.58,5.48,6.25,0.41,0.65,0.3,1.4200000000000002,0.4599999999999999,0.31,16.11,8.15,0.4599999999999999,1.61,0.5700000000000001,1.82,2.6100000000000003,0.42,5.9,1.1,31.130000000000003,3.96,1.36,1.02,1.06,2.42,1.7999999999999998,1.27,0.8999999999999999
2020-10-01,0.47,0.5700000000000001,5.69,6.1,0.42,0.63,0.2799999999999999,1.38,0.43,0.32,16.03,8.260000000000002,0.48,1.61,0.5499999999999999,1.72,3.39,0.41,5.75,1.01,31.14,3.86,1.29,0.97,1.02,2.3800000000000003,1.79,1.23,0.8099999999999999
2020-11-01,0.4599999999999999,0.5700000000000001,5.92,6.2700000000000005,0.33,0.63,0.24,1.35,0.3899999999999999,0.3,16.31,8.4,0.4499999999999999,1.62,0.52,1.73,3.56,0.41,5.96,0.96,30.875,3.84,1.19,0.88,0.98,2.34,1.9,1.11,0.77
2020-12-01,0.4,0.58,6.17,6.49,0.32,0.5700000000000001,0.22,1.28,0.29,0.27,16.520000000000003,8.57,0.42,1.64,0.49,1.7999999999999998,3.63,0.3399999999999999,6.05,0.94,30.61,3.83,1.09,0.8,0.88,2.19,1.87,1.04,0.7100000000000001
2021-01-01,0.37,0.7000000000000001,6.239999999999999,6.49,0.35,0.5599999999999999,0.24,1.31,0.35,0.24,16.650000000000002,8.4,0.53,1.67,0.59,1.72,3.67,0.35,6.074999999999999,1.03,30.21,3.835,1.16,0.83,0.8099999999999999,2.11,1.79,1.14,0.74
2021-02-01,0.37,0.76,6.47,6.72,0.32,0.5599999999999999,0.2,1.25,0.3,0.24,16.74,8.48,0.53,1.64,0.58,1.71,3.56,0.3,6.1,1.04,29.97,3.84,1.05,0.92,0.76,1.9549999999999998,1.71,1.16,0.76
2021-03-01,0.4,0.79,6.63,6.79,0.31,0.58,0.2299999999999999,1.24,0.36,0.2,17.05,8.38,0.53,1.62,0.52,1.63,3.45,0.31,6.05,1.06,29.91,3.69,1.02,0.96,0.7100000000000001,1.7999999999999998,1.77,1.24,0.77
2021-04-01,0.43,0.84,6.5600000000000005,6.800000000000001,0.2799999999999999,0.59,0.26,1.31,0.41,0.25,17.21,8.44,0.48,1.72,0.54,1.71,2.51,0.31,6.29,1.11,29.61,3.790000000000001,1.08,1.04,0.74,1.78,1.73,1.3,0.86
2021-05-01,0.49,0.91,6.43,6.74,0.36,0.6,0.3,1.41,0.44,0.25,17.419999999999998,8.49,0.49,1.73,0.6,1.5699999999999998,2.16,0.31,6.19,1.25,29.46,3.77,1.09,1.2,0.72,1.7000000000000002,1.65,1.39,0.86
2021-06-01,0.51,0.89,6.43,6.81,0.35,0.6,0.28,1.43,0.49,0.25,17.75,8.59,0.5,1.71,0.61,1.4200000000000002,2.02,0.32,6.12,1.21,29.705,3.62,1.0699999999999998,1.25,0.7100000000000001,1.76,1.66,1.32,0.8099999999999999
2021-07-01,0.5499999999999999,0.79,6.43,6.98,0.35,0.6,0.26,1.4200000000000002,0.42,0.25,17.76,8.93,0.3399999999999999,1.69,0.53,1.43,1.7999999999999998,0.3399999999999999,6.18,1.16,29.95,3.64,0.99,1.16,0.76,1.62,1.67,1.23,0.79
2021-08-01,0.5499999999999999,0.8200000000000001,6.34,6.819999999999999,0.36,0.5499999999999999,0.32,1.46,0.38,0.25,17.79,9.06,0.3399999999999999,1.77,0.52,1.4200000000000002,1.81,0.3899999999999999,6.140000000000001,1.15,29.98,3.66,1.03,1.08,0.77,1.59,1.67,1.21,0.76
2021-09-01,0.5700000000000001,0.89,6.47,6.950000000000001,0.4,0.5599999999999999,0.29,1.52,0.4,0.27,17.636666666666667,9.25,0.31,1.7999999999999998,0.54,1.39,1.92,0.38,6.18,1.1900000000000002,29.22,3.64,1.09,1.13,0.83,1.59,1.54,1.25,0.79
2021-10-01,0.5499999999999999,0.86,6.79,7.180000000000001,0.42,0.52,0.26,1.49,0.38,0.26,17.483333333333334,9.07,0.33,1.71,0.52,1.36,1.95,0.375,6.1,1.25,29.32,3.62,1.06,1.15,0.8,1.5699999999999998,1.55,1.26,0.72
2021-11-01,0.5,0.83,6.890000000000001,7.1850000000000005,0.3399999999999999,0.49,0.21,1.4,0.36,0.25,17.330000000000002,9.19,0.29,1.69,0.44,1.41,2.09,0.37,6.1,1.13,29.67,3.816666666666667,1.01,1.0699999999999998,0.7799999999999999,1.68,1.62,1.22,0.69
2021-12-01,0.5,0.79,6.950000000000001,7.19,0.31,0.4499999999999999,0.2,1.34,0.3399999999999999,0.25,17.7,9.02,0.2,1.7500000000000002,0.35,1.6,2.14,0.38,6.19,1.035,29.37,4.013333333333334,0.94,1.01,0.72,1.63,1.65,1.1900000000000002,0.6799999999999999
2022-01-01,0.42,0.73,7.430000000000001,7.290000000000001,0.2299999999999999,0.4,0.21,1.1900000000000002,0.3399999999999999,0.24,18.07,9.09,0.2,1.71,0.31,1.7500000000000002,2.28,0.33,6.0600000000000005,0.94,28.82,4.21,0.83,0.97,0.6,1.92,1.7500000000000002,1.06,0.61
2022-02-01,0.43,0.64,7.489999999999999,7.46,0.2,0.5,0.13,1.22,0.38,0.24,18.130000000000003,9.03,0.2,1.65,0.36,1.77,2.3,0.29,5.970000000000001,0.92,28.64,4.25,0.8099999999999999,1.02,0.62,2.0,1.99,1.05,0.61
2022-03-01,0.41,0.59,7.39,7.35,0.20500000000000002,0.5499999999999999,0.09,1.26,0.38,0.22,18.19,9.08,0.2299999999999999,1.61,0.38,1.9,2.24,0.2799999999999999,5.83,0.8099999999999999,28.46,4.37,0.74,1.06,0.59,2.08,2.22,0.95,0.5599999999999999
2022-04-01,0.41,0.62,7.15,7.295,0.21,0.65,0.0699999999999999,1.39,0.36,0.21,18.08,9.3,0.29,1.63,0.44,1.9,2.23,0.32,5.62,0.7000000000000001,28.18,4.6,0.74,1.13,0.59,2.16,2.41,0.88,0.53
2022-05-01,0.42,0.5700000000000001,6.99,7.24,0.22,0.7000000000000001,0.05,1.54,0.3899999999999999,0.22,17.98,9.48,0.35,1.67,0.5,1.84,2.24,0.29,5.6000000000000005,0.73,27.73,4.54,0.83,1.26,0.62,2.19,2.56,0.86,0.53
2022-06-01,0.4,0.65,6.75,7.26,0.2299999999999999,0.83,0.02,1.7500000000000002,0.4049999999999999,0.26,17.419999999999998,9.66,0.42,1.72,0.5599999999999999,1.7000000000000002,2.19,0.3,5.41,0.7799999999999999,27.42,4.44,0.9650000000000001,1.41,0.69,2.22,2.64,0.91,0.59
2022-07-01,0.4499999999999999,0.73,6.22,7.049999999999999,0.26,0.88,0.0,2.0,0.42,0.29,17.16,9.5,0.47,1.78,0.62,1.5699999999999998,2.11,0.31,5.45,0.86,27.58,4.38,1.1,1.5699999999999998,0.76,2.06,2.76,1.01,0.63
2022-08-01,0.44,0.7799999999999999,6.2,6.950000000000001,0.29999999999999993,0.8500000000000001,0.0,2.09,0.4499999999999999,0.26,17.11,9.49,0.48,1.77,0.62,1.54,2.06,0.32,5.43,0.88,27.715,4.33,1.14,1.61,0.73,2.02,2.77,1.01,0.61
2022-09-01,0.4499999999999999,0.77,6.25,7.03,0.3399999999999999,0.86,0.0,2.13,0.42,0.29,17.02,9.5,0.4499999999999999,1.7999999999999998,0.64,1.49,2.01,0.35,5.33,0.91,27.85,4.205,1.15,1.59,0.73,2.01,2.83,1.02,0.62
2022-10-01,0.48,0.79,6.34,6.99,0.33,0.84,0.0,2.07,0.4499999999999999,0.2799999999999999,16.91,9.56,0.41,1.85,0.59,1.47,2.13,0.3399999999999999,5.27,0.91,27.93,4.08,1.14,1.64,0.7000000000000001,2.03,2.79,1.02,0.63
2022-11-01,0.48,0.8500000000000001,6.52,6.950000000000001,0.3399999999999999,0.88,0.0,2.02,0.4,0.3,16.72,9.48,0.3899999999999999,1.83,0.58,1.5233333333333332,2.13,0.36,5.17,0.93,27.98,4.05,1.11,1.73,0.69,2.1,2.81,1.01,0.62
2022-12-01,0.5,0.88,6.68,6.93,0.35,0.83,0.0,1.96,0.37,0.33,16.674999999999997,9.39,0.38,1.79,0.58,1.5766666666666667,2.16,0.36,5.21,0.93,28.01,3.99,1.04,1.78,0.67,2.15,2.76,1.03,0.6
2023-01-01,0.4599999999999999,0.8500000000000001,6.84,6.93,0.3899999999999999,0.8200000000000001,0.015,1.92,0.3899999999999999,0.32,16.63,9.55,0.3899999999999999,1.7999999999999998,0.58,1.63,2.205,0.35,5.24,0.89,27.69,3.99,1.02,1.89,0.635,2.21,2.77,1.02,0.59
2023-02-01,0.4599999999999999,0.89,6.81,6.88,0.35,0.815,0.03,1.91,0.36,0.33,16.509999999999998,9.6,0.4149999999999999,1.87,0.57,1.71,2.25,0.36,5.17,0.895,27.54,4.09,1.0,1.96,0.6,2.26,2.79,1.01,0.59
2023-03-01,0.4499999999999999,0.95,6.800000000000001,6.81,0.33,0.8099999999999999,0.0699999999999999,1.85,0.35,0.31,16.28,9.54,0.44,1.89,0.5599999999999999,1.7399999999999998,2.25,0.33,5.2,0.8999999999999999,27.64,4.21,1.01,2.06,0.61,2.26,2.8000000000000003,0.96,0.5700000000000001
2023-04-01,0.4499999999999999,0.97,6.67,6.800000000000001,0.32,0.8200000000000001,0.1,1.92,0.355,0.31,16.14,9.47,0.4499999999999999,1.87,0.5599999999999999,1.76,2.15,0.3399999999999999,5.2,0.92,27.59,4.3,1.01,2.13,0.65,2.34,2.88,0.95,0.58
2023-05-01,0.47,1.01,6.57,6.83,0.32,0.84,0.1399999999999999,1.91,0.36,0.27,16.09,9.51,0.42,1.89,0.58,1.67,2.12,0.33,5.16,0.92,27.68,4.4,1.03,2.14,0.67,2.3,2.92,0.935,0.58
2023-06-01,0.5,1.04,6.47,6.8,0.33,0.8699999999999999,0.16,1.94,0.36,0.2299999999999999,15.86,9.42,0.42,1.9,0.6,1.62,2.09,0.31,5.16,0.93,27.82,4.42,1.05,2.15,0.65,2.39,3.05,0.92,0.5700000000000001
2023-07-01,0.5700000000000001,1.14,6.44,6.77,0.29,0.93,0.19,1.95,0.37,0.21,15.75,9.35,0.4,1.87,0.59,1.5933333333333335,2.12,0.32,5.09,0.96,27.69,4.49,1.05,2.125,0.6799999999999999,2.43,3.0700000000000003,0.93,0.58
2023-08-01,0.58,1.1,6.510000000000001,6.81,0.2799999999999999,0.95,0.1699999999999999,1.955,0.37,0.22,15.76,9.33,0.38,1.7999999999999998,0.5599999999999999,1.5666666666666667,2.14,0.33,5.029999999999999,0.92,27.85,4.41,1.06,2.1,0.69,2.5700000000000003,3.08,0.93,0.5599999999999999
2023-09-01,0.6,1.05,6.5649999999999995,6.72,0.26,0.95,0.1699999999999999,1.96,0.35,0.22,15.8,9.35,0.37,1.77,0.58,1.54,2.17,0.31,4.93,0.8999999999999999,27.87,4.43,1.065,2.08,0.69,2.68,3.05,0.97,0.62
2023-10-01,0.6,1.04,6.619999999999999,6.79,0.24,0.97,0.16,1.93,0.35,0.22,15.79,9.26,0.35,1.76,0.63,1.53,2.25,0.29,4.87,0.8999999999999999,28.02,4.44,1.0699999999999998,2.04,0.66,2.69,2.99,0.965,0.58
2023-11-01,0.6,1.03,6.800000000000001,6.7250000000000005,0.24,0.95,0.16,1.98,0.35,0.25,15.86,9.11,0.37,1.76,0.64,1.54,2.29,0.31,4.859999999999999,0.8999999999999999,27.99,4.46,1.03,2.01,0.61,2.74,2.95,0.96,0.5599999999999999
2023-12-01,0.59,1.03,6.79,6.660000000000001,0.22,0.97,0.19,1.98,0.35,0.24666666666666667,15.8,9.01,0.36,1.77,0.66,1.58,2.39,0.32,4.66,0.89,28.14,4.58,1.0,2.0999999999999996,0.62,2.73,2.88,0.94,0.53
2024-01-01,0.54,1.02,6.800000000000001,6.67,0.22,0.99,0.19,2.02,0.33,0.24333333333333332,15.73,8.91,0.37,1.815,0.7100000000000001,1.59,2.34,0.3,4.54,0.91,28.134999999999998,4.590000000000001,1.03,2.19,0.61,2.77,2.92,0.91,0.53
2024-01-01,0.44,1.04,6.859999999999999,6.5600000000000005,0.18,1.04,0.18,2.11,0.2799999999999999,0.24,15.840000000000002,8.91,0.41,1.86,0.7100000000000001,1.54,2.37,0.41,4.52,0.86,28.13,4.65,1.0,2.24,0.64,2.75,2.88,0.8699999999999999,0.44
2024-02-01,0.47,1.06,6.83,6.660000000000001,0.16,1.04,0.1399999999999999,2.15,0.24,0.25,15.81,8.77,0.43,1.9,0.7100000000000001,1.5599999999999998,2.42,0.385,4.51,0.8,28.2,4.72,1.0,2.33,0.64,2.73,2.85,0.8699999999999999,0.38
2024-03-01,0.4599999999999999,1.005,6.69,6.619999999999999,0.15,1.05,0.11,2.175,0.21,0.2299999999999999,15.85,8.790000000000001,0.4,1.93,0.7000000000000001,1.54,2.395,0.36,4.51,0.86,28.26,4.73,1.01,2.41,0.6,2.8000000000000003,2.9000000000000004,0.8899999999999999,0.38
2024-04-01,0.4599999999999999,0.95,6.54,6.72,0.1,1.05,0.08,2.2,0.15,0.1699999999999999,15.82,8.790000000000001,0.31,1.94,0.66,1.54,2.37,0.3,4.52,0.84,28.56,4.72,1.04,2.55,0.63,2.77,2.97,0.91,0.36
2024-05-01,0.44999999999999996,0.8699999999999999,6.43,6.76,0.08,1.02,0.02,2.27,0.11,0.15,15.895,8.780000000000001,0.2799999999999999,1.93,0.65,1.5,2.35,0.24,4.54,0.8699999999999999,28.89,4.734999999999999,1.04,2.55,0.63,2.78,3.02,0.95,0.33
2024-06-01,0.44,0.8699999999999999,6.4,6.73,0.05,1.02,0.01,2.25,0.0699999999999999,0.12,15.97,8.780000000000001,0.27,1.98,0.6,1.47,2.39,0.24,4.569999999999999,0.88,29.06,4.75,1.0,2.5,0.61,2.76,3.0,0.95,0.3399999999999999
